Время,футбольные матчи сегодня: (По всему миру)
2019-11-12T20,33
2019-11-12T21,30
2019-11-12T22,21
2019-11-12T23,11
2019-11-13T00,6
2019-11-13T01,14
2019-11-13T02,0
2019-11-13T03,8
2019-11-13T04,0
2019-11-13T05,0
2019-11-13T06,25
2019-11-13T07,0
2019-11-13T08,0
2019-11-13T09,0
2019-11-13T10,22
2019-11-13T11,33
2019-11-13T12,12
2019-11-13T13,36
2019-11-13T14,17
2019-11-13T15,10
2019-11-13T16,5
2019-11-13T17,9
2019-11-13T18,23
2019-11-13T19,42
2019-11-13T20,39
2019-11-13T21,20
2019-11-13T22,25
2019-11-13T23,16
2019-11-14T00,12
2019-11-14T01,14
2019-11-14T02,8
2019-11-14T03,0
2019-11-14T04,30
2019-11-14T05,0
2019-11-14T06,0
2019-11-14T07,8
2019-11-14T08,17
2019-11-14T09,16
2019-11-14T10,14
2019-11-14T11,13
2019-11-14T12,6
2019-11-14T13,18
2019-11-14T14,11
2019-11-14T15,26
2019-11-14T16,10
2019-11-14T17,36
2019-11-14T18,32
2019-11-14T19,33
2019-11-14T20,48
2019-11-14T21,60
2019-11-14T22,21
2019-11-14T23,49
2019-11-15T00,30
2019-11-15T01,7
2019-11-15T02,0
2019-11-15T03,0
2019-11-15T04,16
2019-11-15T05,8
2019-11-15T06,25
2019-11-15T07,26
2019-11-15T08,34
2019-11-15T09,8
2019-11-15T10,36
2019-11-15T11,13
2019-11-15T12,0
2019-11-15T13,31
2019-11-15T14,17
2019-11-15T15,16
2019-11-15T16,30
2019-11-15T17,28
2019-11-15T18,28
2019-11-15T19,34
2019-11-15T20,30
2019-11-15T21,26
2019-11-15T22,22
2019-11-15T23,18
2019-11-16T00,19
2019-11-16T01,7
2019-11-16T02,0
2019-11-16T03,8
2019-11-16T04,0
2019-11-16T05,17
2019-11-16T06,9
2019-11-16T07,19
2019-11-16T08,0
2019-11-16T09,27
2019-11-16T10,25
2019-11-16T11,38
2019-11-16T12,43
2019-11-16T13,28
2019-11-16T14,20
2019-11-16T15,19
2019-11-16T16,64
2019-11-16T17,71
2019-11-16T18,49
2019-11-16T19,55
2019-11-16T20,100
2019-11-16T21,72
2019-11-16T22,56
2019-11-16T23,57
2019-11-17T00,27
2019-11-17T01,15
2019-11-17T02,16
2019-11-17T03,0
2019-11-17T04,0
2019-11-17T05,0
2019-11-17T06,9
2019-11-17T07,10
2019-11-17T08,20
2019-11-17T09,20
2019-11-17T10,26
2019-11-17T11,63
2019-11-17T12,37
2019-11-17T13,43
2019-11-17T14,20
2019-11-17T15,25
2019-11-17T16,40
2019-11-17T17,32
2019-11-17T18,65
2019-11-17T19,43
2019-11-17T20,38
2019-11-17T21,62
2019-11-17T22,17
2019-11-17T23,47
2019-11-18T00,6
2019-11-18T01,7
2019-11-18T02,0
2019-11-18T03,0
2019-11-18T04,16
2019-11-18T05,16
2019-11-18T06,51
2019-11-18T07,9
2019-11-18T08,35
2019-11-18T09,8
2019-11-18T10,15
2019-11-18T11,13
2019-11-18T12,13
2019-11-18T13,28
2019-11-18T14,10
2019-11-18T15,10
2019-11-18T16,19
2019-11-18T17,5
2019-11-18T18,28
2019-11-18T19,47
2019-11-18T20,19
2019-11-18T21,29
2019-11-18T22,15
2019-11-18T23,21
2019-11-19T00,11
2019-11-19T01,0
2019-11-19T02,7
2019-11-19T03,0
2019-11-19T04,0
2019-11-19T05,7
2019-11-19T06,15
2019-11-19T07,16
2019-11-19T08,8
2019-11-19T09,8
2019-11-19T10,21
2019-11-19T11,6
2019-11-19T12,24
2019-11-19T13,17
2019-11-19T14,21
2019-11-19T15,20
2019-11-19T16,22
2019-11-19T17,39
2019-11-19T18,30
2019-11-19T19,39
